{
  "timestamp": "2026-03-12T22:16:52",
  "runtime_seconds": 657.1531124999747,
  "objective_total_cost": 351853.0325137106,
  "battery_capacity_kwh": 3366.785930863598,
  "opex": 219763.74959549354,
  "import_cost": 208348.2244813385,
  "fixed_om_cost": 11415.52511415525,
  "annualized_battery_cost": 132089.28291820758
}